2E0HTZ,Enzo
3C5XA,Alan
3D2KT,Vrata
3D2VJ,Andy
3G0YP,Harald
3X5A,Mike
4B2A,Mike
4O3RB,Ruzhdi
4O3ZZ,Dave
4S7LRG,Mats
4S7WHG,Phil
4U7FOC,Robert
4U0ITU,Mike
4X3A,Riki
4X4DK,Ami
4X4NJ,Riki
4Z4KX,Mark
5B4AGN,Bob
5B4AGU,Rumen
5H1TW,Tom
5H2JD,John
5H3TW,Tom
5H0T,Tom
5N2LKZ,Owen
5Q2A,Kim
5R8AL,Alain
5R8HA,Phil
5T0CW,Phil
5U7LF,Lee
5U7MF,Mike
5U7WP,Fred
5V4VJ,Ken
5V7MF,Mike
5V7VJ,Andy
5W1VJ,Andy
5X1NH,Nick
5Z4LS,Nick
5Z4VJ,Andy
5Z4ZK,Don
6O0X,Baldur
6Y2T,Yuri
6Y5WJ,Josh
6Y8XF,Nigel
7J1AEN,Mike
7S5Q,Rune
8P3A,Yuri
8P9AA,Yuri
8P9AL,Yuri
8P9HT,John
8P9IF,Bob
8P9NX,Peter
8P9XA,Alan
8P0P,Peter
8Q7MS,Mats
8Q7WH,Phil
9A1AA,Ivo
9A1DX,Djuro
9A4FM,Zdenko
9G5FD,Don
9G5FH,Fred
9G5MF,Mike
9G5SW,Steve
9G5VJ,Andy
9G5XA,Alan
9G5ZM,Bob
9H3TF,Nigel
9H3ZV,Andy
9J2BO,Brian
9L1AB,Andy
9L1NH,Nick
9L5A,Mike
9M6PWT,Phil
9U0X,Baldur
9X0PY,Carl
9Y4H,Glen
A9XU,Owen
A35FL,Per
A61AJ,Robert
A65BD,Fred
A71CW,Chris
AA1TR,Petr
AA2A,Allen
AA3B,Bud
AB4I,Steve
AC4RO,Holger
AC4TT,Norm
AC5K,Wes
AC6YM,Gerd
AD5A,Mike
AD8CW,Doug
AE1T,Peter
AH3D,Martti
AH8F,Andy
AI2Q,Alex
AK4Z,John
AK5X,Bill
AT0T,Tom
AY6EF,Raul
BV7YA,Motoaki
C5DX,Alan
C21ZM,Bob
C56C,Alan
C56SW,Steve
CE2AWW,Dale
CE2SV,Dale
CE3AA,Motoaki
CF3FOC,Pista
CG3IAE,Vlad
CN2MF,Mike
CN2OA,Mike
CN2YM,Andy
CR6IK,Manuel
CT1BQH,Carlos
CT3BH,Martti
CT4IK,Manuel
CU2KG,Martti
CX1AA,Motoaki
CX3AA,Motoaki
D68TW,Tom
DF1DT,Klaus
DF2IC,Greg
DF2QZ,Hardy
DF4BV,Heinz
DF4XX,Kurt
DF7CB,Christoph
DF20006WM,Baldur
DJ1YFK,Fabian
DJ4KW,Gerd
DJ5CW,Fabian
DJ5IL,Karl
DJ5ZN,Klaus
DJ6SI,Baldur
DJ6ZM,Tof
DJ7PR,Leo
DJ9MH,Hajo
DK1WI,Ed
DK1WU,Hans
DK2GZ,Harry
DK3RV,Walter
DK4LX,Holger
DK4RM,Xaver
DK7LX,Georg
DK7PE,Rudi
DK8EI,Klaus
DK8IT,Gerry
DK9PY,Armin
DK2000EKT,Baldur
DK0FOC,Baldur
DK0NL,Club
DL1A,Fabian
DL1ASF,Klaus
DL1BUG,Red
DL1CW,Arno
DL1EBR,Axel
DL1EGR,Ray
DL1EJG,Jan
DL1FU,Friedrich
DL1VDL,Hardy
DL1VJ,Bernd
DL2CC,Frank
DL2HQH,Joe
DL2JES,Hardy
DL2JQT,Jano
DL2JRM,Rene
DL2LFH,Martin
DL2LQC,Falco
DL2ND,Uwe
DL2YBG,Klaus
DL3AZ,Andy
DL3HXX,Lothar
DL3JAB,Andy
DL3YM,Andy
DL4BBH,Friedrich
DL4CF,Joe
DL4FDM,Fritz
DL4PJ,Peter
DL5AVJ,Steffen
DL5EBG,Walter
DL5XL,Felix
DL5YL,Tina
DL5YM,Fred
DL6KVA,Axel
DL6LBI,Ingo
DL7USW,Mark
DL7UWR,Wilfried
DL7VKD,Dieter
DL8LBK,Ken
DL8TWA,Tom
DL9DC,Del
DL9DWR,Matt
DL9MGE,Jan
DM2PR,Pit
DM9K,Fabian
DP1POL,Felix
DP4T,Fabian
DU7ET,Bob
E51PJT,Bob
E74A,Edin
E77EA,Dragan
EA2AJB,Andres
EA4BB,Nando
EA6BF,Josep
EA6EJ,Ini
EA8BH,Martti
EI2IM,Don
EI5DI,Paul
EI5DS,Ned
EI6FR,Declan
EI7BA,John
EI7JW,Slavek
EI9IA,Bruce
EL2MF,Mike
EL0AN,Hans
EU1M,Vlad
EU1SA,Vlad
EV1M,Vlad
EW8O,Mik
F3OA,Mike
F5NZY,Steph
F5SGI,Gerard
F5VEX,Derek
F5VHY,Den
F6EOC,Daniel
F6HKA,Bert
F6JOE,Jean
F8GNV,Ric
FG8NY,Jean
FK8KA,Motoaki
FP0LP,Frank
G2NF,Tony
G3BA,Bob
G3BJ,Don
G3DR,Vic
G3FRR,Pete
G3HEJ,Derek
G3L,Derrick
G3LDI,Roger
G3LHJ,Derrick
G3LKZ,Owen
G3MCK,Gerald
G3MXJ,Den
G3NKC,David
G3NKS,Derek
G3OLB,Tom
G3P,Mike
G3PDH,Mal
G3PEK,Barry
G3PJT,Bob
G3PQD,Derek
G3ROO,Ian
G3RTE,Jim
G3RVM,Ian
G3RWF,Nick
G3RXP,Dave
G3SCD,David
G3SED,Mike
G3SWH,Phil
G3SYM,Dave
G3TBK,Dave
G3TOA,Brian
G3TXF,Nigel
G3VMK,Dale
G3VMW,Steve
G3VTT,Colin
G3WGE,Keith
G3WGV,John
G3WPF,Reg
G3WPH,Mike
G3WVG,Ian
G3XAQ,Alan
G3XTT,Don
G3YC,Phil
G3YIQ,Bob
G3YJQ,Fred
G3YLA,Jim
G3ZEM,Bob
G3ZGC,Richard
G3ZRJ,Tony
G3ZXZ,Martin
G3ZZD,Steve
G4AFU,Paul
G4ALD,Frank
G4BSW,Nigel
G4BUE,Chris
G4BUO,Dave
G4BWP,Fred
G4BYG,Vic
G4DJX,Alan
G4DVP,Pete
G4FAD,Rich
G4FNL,Graham
G4GA,John
G4HMC,David
G4HZV,Bob
G4IFB,Gary
G4IIY,Ian
G4ILW,James
G4IRN,John
G4IZZ,Mike
G4LFU,Tony
G4OKT,Keith
G4PCE,Richard
G4RCG,John
G4RMV,Mike
G4RWD,Ken
G4SIE,Rik
G4SPY,Arnold
G4VXE,Tim
G4WQI,Dean
G4ZVJ,Andy
G5AZI,Pete
G5BTU,Frank
G5DPG,Pete
G5LP,Lionel
G5VZ,Chris
G6AY,Jim
G6MC,Andy
G6VX,Derek
GB2SPY,Ian
G0BQV,Mary
GD3NKC,David
G0EFO,Mike
G0GKH,Dave
G0HFL,Nick
GI3PDN,Ray
G0IBN,Andy
G0KPE,Carl
GM3POI,Clive
GM3WUX,Terry
GM3X,Clive
GM3YOR,Drew
GM3YTS,Rob
GM4AFU,Paul
GM4EVS,David
GM4KGK,Norman
GM4ZUK,Allan
G0MFR,Gareth
GM0GAV,Gavin
GM0HKS,Will
G0NAN,Josh
G0OPB,Tony
G0PNM,Pete
GU4CHY,Dick
GU4YOX,Bob
G0VQW,Sandy
GW3KGV,Ken
GW4MM,Tim
GW4OKT,Keith
GW4VXE,Tim
GW8DX,Jack
H40D,Cezar
H44MA,Allan
HA4FY,Janos
HA4XG,Geza
HA5BA,Klara
HA5MM,Emma
HA6NL,Laszlo
HA6OD,Joska
HA8DD,Berenyi
HA8TI,Janos
HA9RT,Joska
HA0IS,Gyula
HA0LZ,Miklos
HA0ML,Istvan
HB9AFZ,Francesco
HB9CEX,Peter
HB9DDZ,Nick
HB9QO,Bruno
HG0HQ,Hungarian
HL9DC,Del
I2CZQ,Peter
I5EFO,Emil
I7ALE,Sandro
I0ALE,Sandro
IK1GPG,Massimo
IK1ZOB,Sauro
IK2SGV,Paolo
IK3HMB,Giorgio
IK3SVT,Antonio
IK4EWX,Ian
IK4IDF,Raffaele
IK4IDP,Andrea
IK5VLL,Andy
I0KHY,Claudio
IK0IXI,Fabio
IK0YGJ,Carlo
IK0YVV,Marco
IN3FHE,Helga
IN3NJB,Roberto
IR7A,Sandro
IS0AFM,Simone
IT9IFI,Sergio
IU5PTB,Paolo
IU0HMB,Vlado
IV3FPX,Boris
IW2BNA,Walter
IW2NXI,Graziano
IZ2BHQ,Giorgio
IZ2FME,Michele
IZ2JAB,Ste
IZ7GEG,Luca
J5X,Baldur
J20DA,Baldur
J20TW,Tom
J88DR,Dave
J88XF,Nigel
JA1GZV,Motoaki
JA1KIH,Takao
JA5DQH,Aki
JH1GNU,Shige
JS2AHG,Atsu
JS6UKY,Motoaki
JT4RR,Mats
JW3FL,Per
JW5HE,Rag
JW9SN,Harald
JX9SN,Harald
K1AJ,Bruce
K1AR,John
K1BG,Bruce
K1DG,Doug
K1DW,Dallas
K1ESE,John
K1FOC,Gary
K1GUP,Jerry
K1JD,John
K1NVY,Fred
K1SA,Bernie
K1ZM,Jeff
K1ZZ,Dave
K2KRG,Steve
K2LE,Andy
K2MGR,Kurt
K2NV,Tony
K2RSK,Peter
K2SG,Tony
K2SX,Dennis
K2TT,Bill
K2UFT,Dick
K2UV,Warren
K2YWE,Dan
K2ZR,Dick
K3AU,Dan
K3LR,Tim
K3LU,Ulis
K3MD,John
K3NA,Eric
K3PA,Drew
K3TF,Tom
K3TW,Tom
K3UL,Robert
K3WW,Chas
K4AEN,Tom
K4BAI,John
K4BSK,Earl
K4EWG,Pete
K4JJW,Dick
K4OSO,Milt
K4QS,Chuck
K4UX,Al
K4WJ,John
K4XU,Dick
K5AX,Tom
K5DU,Susan
K5EX,Ben
K5FP,Fred
K5KG,George
K5KV,Benny
K5LN,Bill
K5LY,Lee
K5OT,Larry
K5RC,Tom
K5RUO,Ken
K5TF,Dick
K5UBL,Curt
K5VR,Stan
K5VWW,Orville
K5WK,Ken
K5XK,Ron
K6AR,Jim
K6BWP,Fred
K6KI,Jorma
K6KII,Cliff
K6NA,Glen
K6RB,Rob
K6WG,Stan
K6XG,Dave
K6ZB,Bruce
K7HP,Hank
K7NJ,Riki
K7RC,Tom
K7SV,Larry
K7UOT,Tom
K8JPM,Bob
K8MFO,Don
K8ZH,Rick
K9DX,John
K9FN,Dave
K9UIY,Vic
K9VKY,Brian
K9WA,Jim
KB1Q,Rune
KC4YDP,Jerry
KC6MF,Mike
KC7V,Mike
KC0VKN,Joe
KF2AT,Percy
KF3B,Alan
KF7E,Jim
KF7WX,Chris
KG4ZK,Don
KH6FOC,Aki
KH6LC,Lloyd
KH7A,Aki
KJ9I,Dave
KM4FOC,Robert
KN0V,Gary
KO8SCA,Adrian
KP3W,Jose
KP4DX,Luis
KP4P,Tele
K0PFX,Mel
KR2FOC,Rich
KR2Q,Doug
KR3E,Ed
KT4E,Amy
KT5J,Larry
KT5X,Fred
KU8E,Jeff
KV1I,Imi
K0VBU,Bill
K0VXU,Russ
KW7Q,Steve
KW9N,Pat
KY4GS,Amanda
KY7M,Lee
KZ5D,Art
LA3FL,Per
LA4XX,Hal
LA5HE,Rag
LA7GIA,Kenneth
LA9SN,Harald
LB2TB,Lars
LD9SN,Harald
LI9SN,Harald
LU4AA,Motoaki
LU5OM,Manuel
LU6EF,Raul
LY2BNL,Val
LY2PX,Willy
LY5A,Jonas
LY6A,Rimas
LZ1GH,George
LZ1MS,Rumen
LZ2RS,Rumi
LZ3SM,Sveto
M2G,John
M3X,Harry
M4N,Mike
M5S,John
M7KTZ,Enzo
MD2C,Bob
MD0CCE,Bob
M0DXR,Mark
M0HVM,Joe
M0IHT,Harry
M0IPX,Andy
M0KTZ,Enzo
MM0DGI,Steven
MM0FME,Michele
MM0MWW,Clive
M0MZB,Matthew
M0P,Peter
M0PCB,Iain
M0RYB,Peter
M0TTJ,Dave
M0TTN,Slavek
N1LI,Doug
N1TO,Ed
N2ATB,Tony
N2BB,Bob
N2FME,Michele
N2KW,Allen
N2NA,Ric
N2NL,David
N2NT,Andy
N2UU,Bob
N2WCQ,Yuri
N3AM,John
N3AN,Sandro
N3BB,Jim
N3JT,Jim
N3KS,Kam
N3RD,Dave
N3RS,Sig
N3WT,John
N4AF,Howie
N4CJ,Chris
N4FOC,Mark
N4FP,Wayne
N4JEH,Jenna
N4LSJ,Tom
N4TY,Tyler
N4UB,Don
N4WJ,Frank
N5AN,Bud
N5AW,Marv
N5BC,Felix
N5CW,Curt
N5FOC,John
N5KD,Pete
N5RZ,Gator
N5TJ,Jeff
N5TOO,Van
N5TP,Pete
N5XE,Carl
N5XZ,Allen
N6FOC,Bob
N6NT,Bruce
N6SW,Ken
N6TT,Steven
N6XI,Rick
N7XU,Dick
N8AA,John
N8FOC,Goose
N8NA,Karl
N9RD,Juergen
N9RV,Pat
NA2U,Fred
NA5G,Ed
NA6M,Mark
N0AV,Jim
ND4AA,Norm
ND9M,Jim
NG4Z,Dick
NI4E,Eric
NK1G,Don
NL7G,Joe
NM5M,Eric
NN3L,Sig
NO5W,Chuck
NR4A,Sam
NV7A,Tom
NW6H,Rob
NW6V,Chris
NW9Y,Rumen
NY2PO,Pat
NY4A,Howie
NZ6K,Rob
OA4DX,Tony
OA4MS,Owen
OE1TKW,Helmut
OE5TXF,Nigel
OH1MM,Pasi
OH1RX,Jouko
OH2BDP,Hans
OH2BH,Martti
OH2EA,Hans
OH2KI,Jorma
OH3RM,Markus
OH3XZ,Jorma
OH4X,Jyrki
OH6RP,Risto
OH8MJ,Jouko
OH0B,Martti
OH0J,Jouko
OK1CF,Karel
OK1CZ,Petr
OK1DLA,Ludek
OK1ES,Josef
OK1FHD,Josef
OK1FHI,Radek
OK1FMJ,Josef
OK1FMX,Milan
OK1FWG,Willi
OK1HCG,Karel
OK1IF,Milan
OK1ITK,Petr
OK1JAX,Pavel
OK1KT,Vrata
OK1LV,Lada
OK1MLP,Karel
OK1NG,Jaromir
OK1NU,Jan
OK1RP,Petr
OK1RR,Martin
OK1RZ,Rostislav
OK1TD,Jiri
OK1TN,Slavek
OK1TRJ,Michal
OK1VEI,Pavel
OK1WCF,Martin
OK1YR,Karel
OK2APY,Alena
OK2BFY,Josef
OK2BLD,Ladislav
OK2BMI,Milan
OK2CQR,Petr
OK2HBY,Kamil
OK2HIJ,Jirka
OK2KR,Stanislav
OK2LA,Jindra
OK2NAJ,Jiri
OK2OP,Jirka
OK2PAY,Lada
OK2PYA,Robert
OK2QA,Rudolf
OK2SFP,Jarda
OK2VWB,Wieslaw
OK4IT,Richard
OK5OK,Jiri
OK5W,Karel
OK7FOC,Slavek
OK7WA,Franta
OK7WW,Zdenek
OK8AFT,Colin
OK8BJT,Jim
OK8YM,Fred
OL4W,Milan
OL75CAV,Martin
OL0A,Petr
OM1AX,Vlado
OM2JU,Jan
OM2VL,Laci
OM3YCA,Alex
OM5CM,Palo
OM5DP,Martin
OM5TX,Jozef
OM7OM,Milan
ON4BB,Luk
ON4EM,Manu
ON4ON,Danny
ON4RU,Mar
ON4VT,Danny
ON5JT,Jean
ON7GR,Guido
ON7PQ,Pat
OQ3R,Mar
OV2QRP,Kim
OX3XR,Peter
OY1CT,Caen
OZ1LO,Leif
OZ2A,Kim
OZ4BF,Ben
OZ4UN,Paul
OZ5DX,Hans
OZ6XT,Peter
OZ8CW,Jalmar
OZ8RO,Rag
OZ8SW,Steen
OZ8X,Harald
OZ9VO,Palle
P3F,Bob
P29CW,Allan
P40LE,Andy
PA3CVV,Miles
PA4N,Frank
PA5V,Bob
PA5XM,Kees
PA7RA,Rien
PA160HZ,Bob
PA0B,Rob
PA0INA,Frans
PC4E,Hans
PD0HRS,Wim
PJ2G,Nigel
PJ2L,Andy
PJ4LS,Hans
PR7PO,Alex
PZ4TT,Yuri
PZ5T,Yuri
R2DMV,Yura
R2DMW,Mike
R7KZ,Stan
RM2D,Mats
RM8G,Yuri
S20A,Tine
S21VJ,Andy
S21YD,Carl
S50A,Tine
S51J,Janez
S52DT,Damjan
S52KM,Hinko
S52MZ,Marian
S53R,Robert
S57NW,Jelka
S57WJ,Gabor
S58AL,Albert
S58MU,Milan
S79TXF,Nigel
SA6G,Lars
SJ6R,Mats
SM1TDE,Eric
SM2CEW,Peter
SM2COP,Rune
SM2EKM,Jim
SM3EVR,Tord
SM5CBN,Lennart
SM5CCE,Kjell
SM5COP,Rune
SM5DXR,Christer
SM5GLC,Lasse
SM6BGA,Hans
SM6CNX,Dan
SM6CPY,Carl
SM6CUK,Lars
SM6DHU,Matt
SM6LRR,Mats
SM7RME,Thor
SM7YIN,Ingvar
SN2S,Slav
SO5CW,Fabian
SO5TW,Tom
SP1JPM,Kaz
SP1MVG,Krzysztof
SP2BKX,Marian
SP2MHC,Gebka
SP2QG,Marek
SP2SV,Krzysztof
SP2WGB,Stanislaw
SP2YMX,Rodzinny
SP3GTS,Zenon
SP3J,Janus
SP3VT,Marek
SP4R,Andrzej
SP4TKR,Surdziel
SP5EXA,Chris
SP6CW,Rob
SP8BXL,Hieronim
SP8JUS,Zbig
SP9BCH,Jan
SQ2WKQ,Krzysztof
SQ9MZ,Henryk
ST2AR,Robert
ST2KSS,Robert
SV1AOW,Geo
SV1RUX,David
SV2BBK,Theo
SV2TCY,Eduard
T6AA,Robert
T33IC,Greg
TF2WJQ,Ken
TF3DC,Oskar
TF3FOC,Oskar
TI5KS,Kam
TJ3G,Nigel
TL8DV,Dave
TM6X,Den
TN6X,Baldur
TO2U,Yuri
TT8KR,Robert
TX8A,Motoaki
TY5MF,Mike
TZ6LF,Lee
TZ6MF,Mike
TZ6RF,Rob
TZ6WP,Fred
UA1A,Fred
UR3QX,Geno
UR5E,Fred
UR5MM,Rudy
US2MT,Toly
US0Q,Fred
UT4UZ,Yuri
UT5PI,Valerij
UU5JZ,Stan
UX2HB,Waddy
V8JIM,Jim
V25DG,Doug
V25XF,Nigel
V26K,Bud
V31DJ,Walt
V31LZ,Rumen
V31UZ,Yuri
V31YN,Gerd
V47NT,Andy
V47VJ,Andy
V63TXF,Nigel
V73BL,Mark
V85XF,Nigel
VA2EBI,George
VA3FOC,Pista
VA3PN,Pat
VA3SB,Serge
VA3UZ,Yuri
VA3VNE,Jim
VC3T,Yuri
VE2AEJ,Alan
VE2IM,Yuri
VE3AAQ,Dave
VE3DZ,Yuri
VE3DZZ,Pat
VE3EJ,John
VE3GFN,Mike
VE3HX,Alan
VE3IAE,Vlad
VE3KG,Dave
VE3LYC,Cezar
VE3TM,Vlad
VE3USP,Pista
VE3VA,Jeff
VE7CC,Lee
VE7SV,Dale
VE9CB,Dave
VJ4O,Keith
VK1A,Bernd
VK1MJ,Bob
VK2BJ,Barry
VK2GR,Allan
VK2IA,Bernd
VK3DBD,David
VK3XU,Drew
VK4CT,John
VK4EMM,John
VK4TT,Keith
VK5FOC,Graeme
VK5GG,Graeme
VK6AA,Bernd
VK6GX,Phil
VK6LW,Kevin
VK6T,Kevin
VK6VZ,Steve
VK7AA,Motoaki
VK7BO,Alan
VK8DX,Motoaki
VK9AA,Bernd
VK9CXF,Nigel
VK9CXJ,Den
VK9NN,Harald
VK9XAB,Andy
VL2G,Allan
VL6M,Phil
VL6T,Steve
VO1AAM,Yuri
VO1AU,Dave
VO2AAA,Dave
VP2EFO,Don
VP2EJT,Bob
VP2EN,Nigel
VP2MKC,David
VP2MTE,Phil
VP5FOC,Jim
VP5K,John
VP8DNB,Harald
VQ5FOC,Jim
VQ9TP,Pete
VU2PTT,Prasad
VU2TJW,Tom
VU3KIE,Jorma
VU40TJW,Tom
VY2IA,Yuri
VY2LF,Steve
VY2NT,Andy
VY2ZM,Jeff
W1AAX,Harry
W1AO,Joe
W1BGD,Pete
W1DV,Dave
W1EBM,Gary
W1FJ,Al
W1FOC,Bruce
W1GF,Greg
W1HT,Ralph
W1JR,Joe
W1MO,Norm
W1RAN,Ned
W1RM,Pete
W1UU,Peter
W1ZT,George
W2FOC,Allen
W2GD,John
W2MV,Alan
W2TB,Mike
W2VT,Rich
W3EEK,Carl
W3FOC,Jim
W3FSA,John
W3IL,Bill
W3IX,Fabio
W3LPL,Frank
W3WJD,Sig
W3YY,Bob
W4BR,John
W4CI,Dave
W4CK,Mark
W4CMG,Cathy
W4EDE,Lee
W4FOA,Tony
W4FOC,Del
W4HG,Wayne
W4MQC,Alan
W4PID,Dick
W4PM,Puck
W4TJE,Jack
W4UHI,Ken
W4YE,Buddy
W4YZC,Buddy
W4ZYT,Don
W5FB,Asa
W5SJ,Bill
W5YA,Fred
W5ZR,Bert
W6OAT,Rusty
W6RGG,Bob
W7AQK,Dave
W7GKF,Bill
W7RF,Dan
W7RN,Tom
W8AV,Goose
W8FJ,John
W8KJP,Del
W8KR,Jack
W8SR,Dave
W8ZR,Jim
W9FOC,Vic
W9KNI,Bob
W9MYD,Ken
W9RGB,Vic
W9SN,Steve
W9VNE,Jim
W9YXX,Bob
WA1FCN,Robert
WA1FOC,Bernie
WA1G,Bruce
WA1SKQ,Rich
WA2USA,Dennis
WA7HJV,Jack
WA9AQN,John
WB2JYM,Tom
WB4FSF,Bonnie
WB6BEE,Don
WB6LQR,Fabian
WB0SND,Mike
W0CCA,Cap
W0CP,Walt
WD8AUB,Doug
WD8LLD,Goose
WF1OC,Pete
WG4FOC,Tom
W0JX,Den
WK2G,Merrill
WL7E,Joe
WP3C,Alfredo
WS1L,Chuck
W0SA,Peter
WS0TA,Fred
W0UA,George
W0VTT,Mike
W0VX,Dave
WW4CW,John
XF2LF,Lee
XP3A,Peter
XQ3CJ,Motoaki
XT2MF,Mike
XT2WP,Fred
XU7AAV,Andy
XU7ABC,Alan
XV9D,Mats
XV9YM,Andy
XW2A,Andy
XX6IK,Manuel
XX9MF,Mike
XX9TXF,Nigel
Y62QH,Joe
YB0LRR,Mats
YJ0MXJ,Den
YJ0TXF,Nigel
YL2TQ,Aldo
YN2GM,Rob
YO2DFA,Orza
YO2NAA,Ady
YO3CD,Mar
YO3FRI,Tina
YO3LR,Cristi
YO6CFB,Laszlo
YO8DOH,Fane
YR80FOC,Cristi
YU1KN,Sasa
YU0HST,Dave
Z35M,Vladimir
Z68BH,Martti
ZB2CW,Derek
ZB2X,Jorma
ZC4MF,Mike
ZC4VJ,Andy
ZC4ZM,Bob
ZD7BG,Gilbert
ZD7VJ,Andy
ZD8A,Glen
ZD8VJ,Andy
ZD9ZM,Bob
ZF1DZ,Yuri
ZF1TW,Tom
ZF2LF,Lee
ZF2MF,Mike
ZF2NT,Bruce
ZF2SY,Dick
ZF8BS,Bruce
ZK1GGR,Allan
ZK2A,Harald
ZK2VJ,Andy
ZL1MH,Mike
ZL2AGY,Tony
ZL2AZ,Pete
ZL2IFB,Gary
ZL3CW,Jacky
ZM1A,Jacky
ZM4G,Gary
ZM6CL,Tony
ZS1C,Raoul
ZS1EL,Vidi
ZS1RBN,Phil
ZS6FOC,Den